{
  "$schema": "https://vega.github.io/schema/vega/v4.json",
    "width": 600,
  "height": 300,
  "padding": {"top": 10, "left": 100, "bottom": 30, "right": 10},
   "data": [
    {
      "name": "losses",
      "url": "https://raw.githubusercontent.com/terejanu/d3_Dashboard/master/ag_losses.csv",
      "format": {"type": "csv", "parse": {"Year": "number", "Commodity_Name": "string", "Losses": "number"}},
      "transform": [
        {
          "type": "aggregate", 
          "groupby": ["Year"], 
          "fields": ["Losses"], 
          "ops": ["sum"], 
          "as": ["Amount_sum"]
        }
      ]
    }
    ],
  "scales": [
    {
      "name": "x",
      "type": "band",
      "domain": {"data": "losses", "field": "Year"},
      "range": "width"
    },
    {
      "name": "y",
      "type": "linear",
      "domain": {"data": "losses", "field": "Amount_sum"},               "range": "height",
      "nice": true
    }
  ],
  "axes": [
    {"orient": "bottom", "scale": "x"},
    {"orient": "left", "scale": "y"}
  ],
  "marks": [
    {
      "type": "rect",
      "from": {"data": "losses"},
      "encode": {
        "enter": {
          "x": {"scale": "x", "field": "Year"},
          "width": {"scale": "x", "band": true, "offset": -1},
          "y": {"scale": "y", "field": "Amount_sum"},
          "y2": {"scale": "y", "value": 0}
        },
        "update": {
          "fill": {"value": "steelblue"}
        },
        "hover": {
          "fill": {"value": "red"}
        }
      }
    }
  ]
}